is_warn,is_info,msg_length,unique_components,anomaly,score
5,95,93.37,5,1,0.19830144710556025
4,96,94.14,5,1,0.21499098713657866
3,97,92.4,4,1,0.18606547958140668
2,98,89.93,5,1,0.18995648617184002
4,96,91.04,4,1,0.14821517110852933
4,96,89.94,5,1,0.19404962798856878
4,96,94.63,4,1,0.15126514609637653
8,92,92.29,4,-1,-0.029052071256830403
7,93,94.03,4,1,0.040251786887336105
2,98,96.82,5,1,0.12856209931607754
5,95,89.8,5,1,0.17113743499781964
4,96,94.32,5,1,0.20863342944291247
3,97,91.9,4,1,0.18006376924528705
3,97,92.36,5,1,0.2353419650499582
2,98,89.63,5,1,0.17716600554062295
5,95,92.78,6,1,0.08098706187832849
2,98,94.34,5,1,0.20412249802479554
3,97,93.85,4,1,0.18916529302661772
2,98,93.23,5,1,0.21533909958017694
4,96,92.89,5,1,0.22080835834571644
2,98,90.94,5,1,0.20907659447990062
4,96,91.92,5,1,0.22620977404354414
2,98,92.62,4,1,0.17548600196815506
2,98,91.98,5,1,0.21455737300428757
5,95,91.8,5,1,0.1974677148490238
4,96,90.13,5,1,0.1973986879842043
1,99,90.6,5,1,0.1536789072190612
2,98,95.82,4,1,0.1288756374832034
2,98,92.88,4,1,0.17400539454690545
3,97,92.89,6,1,0.1123612044043969
3,97,89.36,5,1,0.17405396827102848
1,99,91.15,5,1,0.16722963118061923
4,96,91.04,5,1,0.21663801392306542
5,95,92.06,5,1,0.19984663572265454
9,91,90.89,5,-1,-0.049855498227168504
2,98,96.01,4,1,0.122075360166233
0,100,89.84,5,1,0.02092643993245369
2,98,95.1,4,1,0.1488652701739389
6,94,93.16,4,1,0.10633845580106771
0,100,95.03,4,-1,-0.01132775919747886
3,97,91.17,5,1,0.22514696924865307
3,97,95.46,4,1,0.1537557175926777
1,99,90.16,4,1,0.06923066371154374
3,97,94.68,5,1,0.20850179500941723
1,99,92.98,5,1,0.17317095897145418
0,100,94.31,5,1,0.032943310630707656
4,96,94.4,5,1,0.2084593672941087
4,96,93.67,5,1,0.2216509857537804
3,97,89.82,5,1,0.19749259452645013
3,97,90.42,5,1,0.21263136942299782
1,99,93.21,6,1,0.03960902957019008
5,95,96.9,5,1,0.08393518638319764
5,95,91.76,5,1,0.19710179456582233
3,97,90.34,5,1,0.21111503834759537
4,96,91.71,6,1,0.10594601099883438
1,99,90.38,5,1,0.14930291165141857
4,96,92.06,4,1,0.16833038067544343
5,95,91.81,5,1,0.19782046230752454
4,96,94.16,4,1,0.16071214888036456
3,97,89.7,5,1,0.19352963728393907
4,96,91.88,5,1,0.22644287782584377
3,97,93.57,6,1,0.10188339372201394
3,97,91.64,6,1,0.11119027173644136
4,96,94.09,4,1,0.1618881935221429
6,94,90.09,4,1,0.054214571458144234
2,98,92.39,4,1,0.17577603377453155
4,96,93.33,4,1,0.17122698490120503
4,96,92.75,5,1,0.22411739880496556
7,93,92.28,6,1,0.00016773885918697218
2,98,95.54,4,1,0.14046053749005843
2,98,89.69,4,1,0.09961049351198226
4,96,91.51,5,1,0.22173026605386142
5,95,92.22,6,1,0.08210481425239735
4,96,88.55,6,1,0.049688511090117404
2,98,91.13,5,1,0.20779237533023492
3,97,95.08,5,1,0.19409777956147733
4,96,92.0,5,1,0.2268264212980758
5,95,91.45,4,1,0.1311046850200881
4,96,89.96,5,1,0.1948475343252472
2,98,94.22,6,1,0.07252920291757081
3,97,94.7,5,1,0.20762037671424916
2,98,96.92,5,1,0.1247950518579215
1,99,88.4,5,1,0.07547692836557174
7,93,94.6,4,1,0.034250883156559886
1,99,92.29,5,1,0.17833592079556843
2,98,89.74,4,1,0.10289494234361196
5,95,94.18,4,1,0.15054330646645708
2,98,90.01,5,1,0.1919779393893823
6,94,95.49,5,1,0.10053820502311606
2,98,92.75,4,1,0.1757703354728612
3,97,87.77,5,1,0.10072800570428464
2,98,92.68,4,1,0.1757925407754406
1,99,93.69,4,1,0.11881731870433232
6,94,92.28,5,1,0.14315145240266736
1,99,90.84,5,1,0.16112076872127679
3,97,99.57,6,-1,-0.013029776936402615
0,100,93.98,4,1,0.004295685392722404
7,93,87.75,5,1,0.005796944825179784
5,95,89.3,5,1,0.15027278876504246
3,97,95.3,4,1,0.15981827474103089
1,99,92.34,6,1,0.04575769892195247
4,96,91.68,5,1,0.22377222872542468
2,98,95.58,5,1,0.17264621839109
8,92,91.19,6,-1,-0.05808883314051316
7,93,91.7,5,1,0.07849233998753069
4,96,95.08,5,1,0.1892158433984572
4,96,94.11,5,1,0.21497072671097545
3,97,93.53,4,1,0.1900276639095102
2,98,92.0,5,1,0.21553993170997154
2,98,92.94,5,1,0.2106147489421728
4,96,92.17,5,1,0.22763110840536327
4,96,87.67,5,1,0.09785731629896299
5,95,94.09,4,1,0.15024157018116724
2,98,91.44,5,1,0.21108898486787303
4,96,92.08,5,1,0.22763110840536327
2,98,92.47,5,1,0.21357622331027437
2,98,94.82,6,1,0.05968069172208956
1,99,90.03,5,1,0.13806021102067761
2,98,89.75,6,1,0.07049145296818071
4,96,90.95,5,1,0.2164248860113437
4,96,88.31,5,1,0.1284073691910541
3,97,93.62,5,1,0.23124611514563698
3,97,92.45,5,1,0.23495941282953775
3,97,87.69,5,1,0.10054214402552675
1,99,93.04,4,1,0.12129707010308766
6,94,95.17,4,1,0.07376546329356104
5,95,96.27,4,1,0.08932867008766232
2,98,90.15,4,1,0.11954767244208342
5,95,92.42,6,1,0.08064901211462994
4,96,91.92,5,1,0.22620977404354414
2,98,93.1,5,1,0.21368242798635817
4,96,90.5,5,1,0.20624023112041512
3,97,92.79,5,1,0.23317313236469212
3,97,96.58,4,1,0.12201508387755089
4,96,94.88,6,1,0.06605065920639208
5,95,93.27,5,1,0.1976263116445633
4,96,93.58,5,1,0.22126474205913776
4,96,90.85,5,1,0.21559635460460563
6,94,92.18,5,1,0.14359840849305688
0,100,91.82,5,1,0.039584463622061916
6,94,94.14,5,1,0.1326915449435545
3,97,91.97,5,1,0.23377333195361732
7,93,94.3,4,1,0.03773423360599959
4,96,89.58,5,1,0.18060580563840983
1,99,89.23,5,1,0.10294318624121257
8,92,94.09,4,-1,-0.027488802582176786
3,97,91.89,4,1,0.1800146431584016
2,98,94.49,6,1,0.0653135901188947
4,96,93.42,5,1,0.22206522527319023
2,98,94.5,4,1,0.16533305166566103
6,94,94.73,5,1,0.11765847138571317
4,96,92.21,4,1,0.1678753987789035
5,95,92.91,5,1,0.19716824195152494
3,97,95.26,5,1,0.19010253922118542
3,97,91.79,6,1,0.1126533059243624
4,96,93.03,4,1,0.17123215151512644
4,96,96.3,4,1,0.1058218915622764
5,95,95.13,4,1,0.13011841448453587
2,98,88.84,5,1,0.14687515647513472
7,93,96.42,4,-1,-0.001084589570237382
4,96,94.0,4,1,0.1621193904557397
3,97,94.71,5,1,0.20739524371452484
2,98,92.0,4,1,0.1698589537552087
5,95,97.42,4,1,0.04324121218716015
5,95,89.13,5,1,0.14534391706615735
0,100,93.41,5,1,0.03971981985652007
3,97,90.25,5,1,0.20827712901700174
5,95,89.49,5,1,0.15991485575704933
7,93,91.42,5,1,0.07479248139861183
4,96,94.45,5,1,0.20948103891530778
3,97,94.16,5,1,0.2209879271042502
0,100,91.46,5,1,0.041477463478911125
5,95,92.63,5,1,0.1980091981406445
1,99,90.85,5,1,0.16112076872127679
4,96,93.15,5,1,0.2223328478283182
2,98,93.25,4,1,0.17702280728910935
3,97,89.64,5,1,0.19047690038598614
6,94,95.98,4,1,0.053972632353016414
5,95,95.59,5,1,0.1447438835904884
4,96,93.44,4,1,0.16955884984650066
5,95,90.2,5,1,0.17964310049728083
6,94,97.25,5,1,0.03785641350330782
3,97,93.11,5,1,0.23318297715040187
4,96,91.87,5,1,0.22650432400739245
2,98,90.16,5,1,0.195576338175399
8,92,89.91,5,-1,-0.025509848289010817
3,97,90.97,5,1,0.22595891585352645
2,98,94.98,4,1,0.15247645796803472
2,98,87.41,5,1,0.08367260890323691
6,94,90.02,5,1,0.11050434629039507
5,95,95.18,4,1,0.12824352532133898
5,95,88.02,5,1,0.10746516597694256
6,94,92.57,5,1,0.14099698591483478
2,98,95.63,4,1,0.13693413412197858
4,96,90.8,5,1,0.21259995328012593
2,98,90.05,5,1,0.19324563068737277
5,95,89.94,4,1,0.09692787290282423
4,96,93.87,5,1,0.21893350254547417
5,95,94.04,5,1,0.19132552245459794
5,95,95.98,5,1,0.12920074530569425
3,97,90.07,5,1,0.20368052882330645
4,96,94.83,5,1,0.1948958877150867
3,97,91.01,5,1,0.22485818839441274
4,96,94.22,5,1,0.2109851093922296
5,95,95.21,5,1,0.1588661082036983
2,98,91.74,5,1,0.21290116028689887
6,94,93.18,4,1,0.10575183872735805
4,96,92.36,5,1,0.22482787222876705
3,97,92.21,4,1,0.18315386850020265
5,95,94.56,5,1,0.1829160871168926
4,96,93.43,5,1,0.22199180870513663
4,96,92.76,5,1,0.22411739880496556
2,98,92.82,4,1,0.1755703710514242
7,93,92.16,5,1,0.08713071053346444
2,98,92.54,5,1,0.21257809571810787
3,97,91.52,5,1,0.23238802302728745
6,94,90.51,5,1,0.12493352074526498
4,96,91.86,4,1,0.16494177862437448
2,98,91.2,4,1,0.14771343207162385
2,98,90.66,4,1,0.1370444417889114
4,96,95.01,5,1,0.19196549492232556
3,97,92.26,5,1,0.23545939014129197
4,96,90.46,4,1,0.13773138346373703
3,97,91.11,5,1,0.22530878123442988
3,97,92.85,6,1,0.1132412708897238
2,98,93.13,5,1,0.21455188231799555
3,97,93.94,5,1,0.22860242044245316
3,97,87.22,5,1,0.0773749978509497
2,98,90.45,5,1,0.20103544236145138
3,97,92.85,4,1,0.18841721779082354
1,99,91.56,5,1,0.17516103322575272
0,100,92.71,6,-1,-0.032859979117325744
3,97,94.21,6,1,0.0945934627117887
1,99,91.17,5,1,0.16746911018210958
5,95,93.67,5,1,0.19682379957707025
4,96,94.07,5,1,0.21563782680408672
1,99,91.25,5,1,0.16953513415278992
5,95,95.17,4,1,0.12904326849279069
2,98,94.94,4,1,0.153393173732646
2,98,94.12,5,1,0.20854382030457652
2,98,93.51,5,1,0.21232126567185822
2,98,92.06,5,1,0.21402846418320626
7,93,92.43,5,1,0.08875876722232812
3,97,95.88,5,1,0.16582284308518586
1,99,95.89,4,1,0.06605028214105713
4,96,96.76,4,1,0.08558996255200446
4,96,92.0,5,1,0.2268264212980758
4,96,92.53,5,1,0.22402636813021987
1,99,91.2,5,1,0.1693596815122605
3,97,92.09,5,1,0.23552770678115642
3,97,92.9,5,1,0.23179704530266082
4,96,90.95,5,1,0.2164248860113437
1,99,91.11,4,1,0.09236438819789328
3,97,90.76,4,1,0.1550292245402375
3,97,91.46,5,1,0.23020050527468422
5,95,95.58,4,1,0.11549484420431022
2,98,95.84,5,1,0.1635055160143699
2,98,92.41,5,1,0.2153456796016276
2,98,91.83,5,1,0.21479772672258146
3,97,93.94,5,1,0.22860242044245316
8,92,92.35,5,-1,-0.0004959171536615958
2,98,92.23,5,1,0.21290270356187024
2,98,89.34,5,1,0.16351393301642508
4,96,94.17,5,1,0.21312385058853295
1,99,94.94,5,1,0.13730902377214077
1,99,95.39,5,1,0.12348143136367018
4,96,89.98,4,1,0.12443669102448529
2,98,94.2,4,1,0.1710310216575846
4,96,92.14,6,1,0.10677604958610143
3,97,90.53,5,1,0.2153267229214067
4,96,89.82,4,1,0.11894568462451749
0,100,92.43,4,-1,-0.0004911545842100074
2,98,96.71,5,1,0.1344730606686314
2,98,91.31,5,1,0.20994416871694194
1,99,90.45,4,1,0.07776714437706733
6,94,95.78,5,1,0.08875107459038645
4,96,93.13,5,1,0.22264309348907318
4,96,93.64,4,1,0.1660106355097335
2,98,90.53,5,1,0.20266412369167341
3,97,94.04,5,1,0.22654059761344675
6,94,88.2,7,-1,-0.05295024730463149
1,99,93.41,4,1,0.12091234715208155
2,98,91.56,4,1,0.1567144250110764
5,95,96.31,4,1,0.08820948158492214
5,95,94.33,5,1,0.18545548041954196
4,96,89.88,4,1,0.11885900745550915
3,97,94.04,5,1,0.22654059761344675
3,97,92.19,5,1,0.23572232799232135
6,94,94.28,5,1,0.12897433188472573
1,99,92.35,5,1,0.1784372411480214
2,98,91.19,5,1,0.20753976865918944
2,98,95.95,4,1,0.12352695078462428
4,96,94.4,6,1,0.0841957516532642
3,97,93.51,5,1,0.23212512445554823
3,97,89.76,6,1,0.08204439425355448
2,98,96.44,5,1,0.14466877449473153
0,100,95.5,4,-1,-0.01720989616885238
8,92,92.99,5,1,0.0010769251187449091
6,94,89.9,5,1,0.10649720566271426
2,98,93.02,5,1,0.21442968346782587
1,99,90.3,5,1,0.14723979430896927
3,97,92.32,5,1,0.235063001682478
2,98,92.99,4,1,0.17667066469427023
7,93,93.85,4,1,0.04267434643155876
2,98,91.11,4,1,0.1470962652665343
5,95,90.86,5,1,0.19221883637588727
3,97,91.45,5,1,0.23020050527468422
6,94,90.15,5,1,0.11404067110057803
2,98,92.64,4,1,0.17548600196815506
4,96,92.04,4,1,0.1681366104560651
1,99,93.87,5,1,0.1697054702329967
4,96,94.2,4,1,0.1581993043772716
5,95,89.79,6,1,0.06074319697426345
3,97,93.59,4,1,0.18909738449158964
3,97,89.54,4,1,0.10905081083350654
5,95,93.26,5,1,0.1975565536867782
3,97,96.23,4,1,0.13571621277939122
5,95,93.16,5,1,0.198866806475823
1,99,93.39,4,1,0.12094821138280054
2,98,88.4,5,1,0.13096885628844257
3,97,91.6,4,1,0.1729729095084266
0,100,91.12,5,1,0.0378826586858626
2,98,90.69,5,1,0.20594084766602733
6,94,90.34,4,1,0.06496286790658534
5,95,94.59,5,1,0.18238662684304435
3,97,91.36,4,1,0.16647988648587253
2,98,90.07,5,1,0.1934804784973143
3,97,95.55,5,1,0.17833149933576914
4,96,95.47,5,1,0.17655922906397442
2,98,93.74,4,1,0.1748315837426655
2,98,95.53,5,1,0.17331939159216914
5,95,95.69,4,1,0.11096132357064381
1,99,95.0,5,1,0.13429876316691752
5,95,97.78,4,1,0.03300163067629336
5,95,98.09,4,1,0.022897539164786984
2,98,91.91,5,1,0.21510889599254662
1,99,91.96,5,1,0.17771542095277254
2,98,94.54,4,1,0.16533305166566103
5,95,92.83,5,1,0.19805468508881985
3,97,90.66,4,1,0.15361062356542027
2,98,93.65,4,1,0.17337349610092778
2,98,91.02,5,1,0.209551899041151
2,98,91.44,4,1,0.1545919888504485
1,99,91.67,5,1,0.17583292725678995
2,98,92.14,4,1,0.17264512827398798
7,93,93.74,5,1,0.080127746757238
1,99,91.42,6,1,0.04369112314679535
2,98,90.88,5,1,0.21015701034042572
3,97,90.22,6,1,0.0901976589342981
5,95,91.7,5,1,0.19556618199936115
4,96,90.01,5,1,0.19441632162273503
5,95,93.94,5,1,0.19270371834533245
6,94,91.9,4,1,0.09543841579814394
1,99,90.65,5,1,0.1536789072190612
3,97,89.28,5,1,0.16942175460379377
2,98,90.19,5,1,0.19676619113950694
1,99,89.2,5,1,0.10081542898767515
7,93,92.75,5,1,0.0871361666034347
6,94,90.12,5,1,0.11386538137050306
3,97,94.06,6,1,0.0981487307117167
4,96,96.04,5,1,0.1568328493004678
3,97,97.36,4,1,0.09148229861987578
0,100,90.11,5,1,0.02375704736514439
2,98,89.96,5,1,0.1900951685514865
1,99,91.56,5,1,0.17516103322575272
3,97,92.44,5,1,0.23495941282953775
3,97,94.48,5,1,0.21457868262584923
4,96,89.5,4,1,0.10358239105779388
0,100,92.15,5,1,0.042634137335588185
5,95,96.27,5,1,0.11563842772662614
5,95,94.06,5,1,0.19119171237470733
4,96,92.04,6,1,0.10626355147316002
3,97,92.16,5,1,0.23632735447941938
1,99,93.75,5,1,0.17008210579397204
4,96,91.12,5,1,0.21703335015654462
5,95,89.66,5,1,0.1664396911245108
2,98,92.02,5,1,0.21521620999925561
2,98,93.61,5,1,0.21110492756370353
2,98,90.65,5,1,0.20435029889912237
3,97,94.1,4,1,0.18484829875381065
2,98,92.42,5,1,0.215402900838213
1,99,91.66,4,1,0.10324270572075733
3,97,97.33,4,1,0.09239598279499195
2,98,93.4,4,1,0.1747307725697128
1,99,91.26,5,1,0.1698201325128122
5,95,91.47,5,1,0.19459998964520892
3,97,92.43,5,1,0.23495941282953775
6,94,90.6,5,1,0.12640583212451617
3,97,92.67,5,1,0.23326677865168893
2,98,89.84,4,1,0.10690723765057952
1,99,92.59,5,1,0.17614309045737964
3,97,92.33,5,1,0.235063001682478
3,97,93.78,5,1,0.23099827766318143
2,98,91.14,4,1,0.14741628664693301
4,96,88.53,6,1,0.049688511090117404
4,96,91.51,5,1,0.22173026605386142
3,97,88.67,5,1,0.14787931563760587
2,98,93.98,5,1,0.2089956268972749
3,97,92.23,5,1,0.2359746890202885
4,96,90.96,4,1,0.14698548588077137
4,96,89.51,5,1,0.17709118946583707
3,97,93.03,5,1,0.23509473100724776
3,97,91.86,5,1,0.23526156300482703
6,94,94.0,4,1,0.09876413935583628
1,99,93.16,5,1,0.17132363461501776
3,97,92.37,5,1,0.23527444968513767
2,98,95.49,5,1,0.1767277357079281
2,98,91.03,5,1,0.209551899041151
1,99,95.82,4,1,0.0688183841982607
3,97,94.51,6,1,0.08869046752957932
3,97,90.96,5,1,0.22595891585352645
4,96,95.84,5,1,0.16394615085922482
1,99,95.14,5,1,0.12815484547428613
3,97,92.08,5,1,0.23558793963999458
3,97,92.35,5,1,0.2353419650499582
1,99,93.18,5,1,0.17182218704973323
6,94,90.49,4,1,0.06846008823155258
3,97,98.45,6,-1,-0.007596504477990873
1,99,94.35,4,1,0.10523293574949277
3,97,93.19,5,1,0.23185577302330956
1,99,89.44,5,1,0.11707101761293526
0,100,93.76,4,1,0.005462563293286871
2,98,94.01,4,1,0.17267468600680397
4,96,89.92,4,1,0.11972642400533429
4,96,94.79,5,1,0.1981008440642718
4,96,93.09,5,1,0.2236145854947545
3,97,95.49,4,1,0.15415998688100363
5,95,89.86,5,1,0.17291223659204275
3,97,93.96,5,1,0.22836525070341696
2,98,97.53,4,1,0.06470053568622836
5,95,94.2,5,1,0.18871527319071496
2,98,98.69,5,1,0.08067824057114992
3,97,90.28,6,1,0.09053884070111196
2,98,93.67,4,1,0.17471471093140728
4,96,94.97,5,1,0.19184531297577923
3,97,91.06,5,1,0.2251386576255382
2,98,90.47,5,1,0.20131698782159146
4,96,90.68,4,1,0.14371497689171053
3,97,90.28,5,1,0.20886545256022115
3,97,93.61,4,1,0.18815276647497692
5,95,91.07,4,1,0.12401404733727228
1,99,90.95,5,1,0.1651683338164479
3,97,90.1,5,1,0.20430460763287617
3,97,91.79,5,1,0.2345519175783612
1,99,92.12,4,1,0.11581363961791924
3,97,93.85,4,1,0.18916529302661772
3,97,92.4,5,1,0.23479280929004875
2,98,90.13,5,1,0.1951421643497827
5,95,91.24,5,1,0.19235059806391686
4,96,88.46,4,1,0.0759981209740026
4,96,91.01,5,1,0.21623810885888878
1,99,93.57,5,1,0.17022976016542996
3,97,91.01,4,1,0.1586996096468673
2,98,94.08,5,1,0.2085463534919479
2,98,94.36,4,1,0.16906372335570813
0,100,93.1,6,-1,-0.03526888205212175
2,98,90.76,5,1,0.20664829623473668
4,96,93.34,5,1,0.22236151965202544
4,96,91.56,5,1,0.22201495921098735
3,97,90.55,5,1,0.21597848640169826
2,98,91.63,6,1,0.08557825184853507
1,99,94.13,5,1,0.1635033932577588
3,97,92.41,5,1,0.23479280929004875
4,96,90.98,5,1,0.21632391083180702
6,94,92.17,5,1,0.1441240856991971
2,98,91.06,6,1,0.0800064978752073
8,92,93.73,4,-1,-0.025550416495000228
6,94,91.95,4,1,0.09555537109568268
2,98,93.28,5,1,0.21520535125606183
5,95,95.06,4,1,0.13180149599550472
4,96,92.82,5,1,0.22260449370582597
2,98,95.53,5,1,0.17331939159216914
4,96,92.68,4,1,0.1699443686584387
3,97,91.69,4,1,0.17546687492796825
1,99,92.76,5,1,0.17497535201369252
5,95,91.46,5,1,0.19459998964520892
1,99,92.7,4,1,0.12198548453983882
4,96,89.46,5,1,0.17557903253434665
2,98,87.6,6,1,0.009672265280817771
5,95,93.23,5,1,0.1975565536867782
1,99,92.72,5,1,0.17482231085908512
2,98,92.85,6,1,0.08314999417029556
3,97,93.78,5,1,0.23099827766318143
5,95,92.62,5,1,0.1980091981406445
3,97,91.04,5,1,0.22529310148808251
2,98,92.16,5,1,0.2141397034384272
3,97,93.13,5,1,0.2312978365444926
1,99,91.56,5,1,0.17516103322575272
3,97,94.34,4,1,0.18069526887319048
3,97,91.06,5,1,0.2251386576255382
2,98,95.29,5,1,0.1810621362073458
2,98,96.94,5,1,0.12513817966437257
5,95,94.44,5,1,0.18499778948989176
5,95,93.67,4,1,0.15233355233539791
3,97,96.42,5,1,0.14720505567273684
3,97,89.62,5,1,0.1894993964497957
2,98,91.9,5,1,0.21510889599254662
3,97,91.79,6,1,0.1126533059243624
1,99,95.45,5,1,0.12102294259146495
6,94,91.24,5,1,0.13046251954850263
3,97,93.35,5,1,0.2336670908012486
4,96,90.38,4,1,0.13476011633684953
3,97,89.95,5,1,0.2023529652671438
3,97,92.96,5,1,0.23349705455632713
2,98,91.8,5,1,0.2132860864702118
3,97,91.58,5,1,0.23250047744421487
5,95,91.16,5,1,0.19232610680731294
2,98,94.0,4,1,0.17293632796014935
5,95,89.93,5,1,0.17395827293775035
0,100,97.09,4,-1,-0.04080846409237149
2,98,96.4,4,1,0.10649033671750685
1,99,90.61,5,1,0.15400249921382503
2,98,92.34,5,1,0.2137605128566331
4,96,92.79,4,1,0.1702087111707602
5,95,90.58,5,1,0.18722526226347663
4,96,92.08,4,1,0.16774087250293845
1,99,92.01,4,1,0.11462913656400053
3,97,92.44,5,1,0.23495941282953775
2,98,95.29,5,1,0.1810621362073458
4,96,95.13,6,1,0.06236368402880199
2,98,89.01,5,1,0.15448693581673645
4,96,91.2,5,1,0.21876406490296796
0,100,97.77,4,-1,-0.05441243147027297
5,95,95.44,5,1,0.14917265089038834
1,99,89.75,5,1,0.12980542328828226
4,96,90.99,6,1,0.10182972006653312
3,97,92.4,4,1,0.18606547958140668
2,98,94.35,4,1,0.17015678165875847
1,99,92.55,5,1,0.17565989129399312
4,96,96.37,4,1,0.10527096173420447
1,99,97.35,5,1,0.052896731451652634
2,98,92.38,5,1,0.21529712592444877
0,100,92.02,5,1,0.04257448627913696
1,99,90.6,4,1,0.08379006644876308
4,96,91.47,5,1,0.2202697628302952
1,99,94.63,4,1,0.09946609134628881
2,98,94.95,5,1,0.19064381888109244
5,95,92.11,5,1,0.200179118295017
6,94,91.07,5,1,0.12993959426926727
1,99,89.88,4,1,0.06145858173263563
1,99,90.0,6,1,0.026131995868277746
1,99,91.95,4,1,0.11211794499247152
3,97,92.4,5,1,0.23479280929004875
3,97,97.65,5,1,0.10236704269349062
4,96,92.47,5,1,0.22326908694807396
4,96,93.8,5,1,0.22022280643219205
4,96,97.06,4,1,0.07903548641762315
5,95,92.85,5,1,0.19892642818618678
2,98,90.95,6,1,0.08070748911770265
3,97,91.64,5,1,0.23385316786609228
4,96,95.06,6,1,0.0651000641465308
5,95,90.8,5,1,0.19081136472946386
6,94,93.1,5,1,0.14501194249380484
3,97,93.5,5,1,0.23212512445554823
2,98,87.19,6,-1,-0.0011917221143649126
5,95,91.54,5,1,0.19477041563358605
1,99,95.91,4,1,0.06605028214105713
2,98,88.92,5,1,0.15009861745389136
4,96,90.94,5,1,0.2164248860113437
4,96,92.49,5,1,0.22333030221520606
1,99,92.96,5,1,0.17176449078242956
6,94,92.48,5,1,0.14331652554212543
2,98,92.84,4,1,0.17552709264293626
4,96,91.07,5,1,0.21707715428745356
5,95,89.34,5,1,0.15027278876504246
4,96,91.77,5,1,0.22506028849563503
6,94,92.16,5,1,0.14428914084788375
3,97,93.49,4,1,0.1890474193286078
5,95,91.93,5,1,0.19916154318175644
3,97,91.02,4,1,0.1586996096468673
2,98,94.71,4,1,0.15996668972851075
6,94,92.97,5,1,0.14524840481815177
6,94,92.95,4,1,0.10245910735835118
3,97,94.68,4,1,0.17281886408929875
6,94,93.35,4,1,0.10595541776919837
4,96,93.34,5,1,0.22236151965202544
3,97,91.61,5,1,0.23269571876408346
2,98,93.44,5,1,0.21536153797896196
4,96,91.59,5,1,0.2216503859250436
1,99,90.96,5,1,0.1652629912579735
4,96,94.26,5,1,0.2111516030730886
1,99,92.87,5,1,0.17282044391481205
5,95,87.71,5,1,0.09037801256499245
2,98,92.77,4,1,0.17556542763151012
2,98,89.93,5,1,0.18995648617184002
5,95,94.92,5,1,0.16350718198826958
5,95,95.15,5,1,0.1597569248535164
5,95,91.33,4,1,0.12726990137775263
3,97,88.03,5,1,0.11976585551339924
3,97,92.23,5,1,0.2359746890202885
0,100,94.47,5,1,0.03182345873702552
5,95,93.4,6,1,0.0778098580084815
6,94,95.49,5,1,0.10053820502311606
5,95,91.42,5,1,0.19442125012162192
5,95,94.34,4,1,0.14831485225262125
4,96,93.68,5,1,0.2216509857537804
1,99,86.86,5,1,0.027816349492568504
6,94,93.83,5,1,0.1365095377461299
4,96,89.93,5,1,0.1935892273472803
2,98,92.73,5,1,0.21232729788325871
6,94,89.74,5,1,0.10283723341990603
3,97,92.46,5,1,0.23459566110981672
4,96,88.41,4,1,0.07472700618771533
3,97,87.68,5,1,0.10018236924703583
5,95,96.11,6,1,0.020551956568023888
4,96,90.56,5,1,0.2068699851726022
7,93,93.02,4,1,0.04234953066377378
1,99,90.96,5,1,0.1652629912579735
4,96,93.1,4,1,0.17371855586344437
2,98,91.99,4,1,0.16838528966310046
3,97,95.14,4,1,0.16437072687576193
5,95,92.08,5,1,0.20001565160476248
6,94,93.4,5,1,0.14184696899027055
3,97,91.27,5,1,0.22748685314925082
6,94,96.39,5,1,0.07175208665824917
2,98,91.09,5,1,0.20804376823962434
3,97,92.76,4,1,0.1889113544841587
2,98,93.64,5,1,0.21116714386867624
2,98,94.12,6,1,0.07515731895146216
4,96,92.49,4,1,0.16951291727107692
2,98,94.21,5,1,0.2067528748094128
3,97,92.62,6,1,0.11303957715269741
5,95,92.06,5,1,0.19984663572265454
3,97,91.48,5,1,0.22984220095968083
2,98,90.47,5,1,0.20131698782159146
3,97,91.02,4,1,0.1586996096468673
3,97,94.98,5,1,0.19943224810256305
3,97,97.49,4,1,0.08395446911695692
1,99,94.06,6,1,0.03630912817658849
3,97,91.77,5,1,0.2354011169307083
3,97,94.47,5,1,0.21457868262584923
4,96,87.82,5,1,0.0993118830687244
6,94,97.27,4,1,0.00958828999339889
4,96,88.89,5,1,0.15437019637023924
3,97,89.26,4,1,0.10046620256219607
9,91,91.67,4,-1,-0.06516028159504483
3,97,90.18,4,1,0.13647281472651757
1,99,91.95,5,1,0.17791350454230764
2,98,95.54,4,1,0.14046053749005843
3,97,91.42,5,1,0.22908428282092025
3,97,97.4,4,1,0.08633685112938194
3,97,91.9,6,1,0.11470343864103771
4,96,95.91,5,1,0.1606187099252958
3,97,92.56,4,1,0.1850632921852109
3,97,91.92,6,1,0.11530080335881088
5,95,91.34,5,1,0.19431368523482923
1,99,92.36,4,1,0.12084204793458808
1,99,93.27,5,1,0.17464459047737013
0,100,93.6,6,-1,-0.03345186485015439
2,98,90.01,5,1,0.1919779393893823
3,97,93.25,4,1,0.18940664138789315
4,96,91.58,5,1,0.22144974546667068
1,99,94.41,5,1,0.15692952108337727
2,98,92.83,4,1,0.17528430245676757
4,96,89.97,5,1,0.1948475343252472
5,95,93.63,5,1,0.1967805987444305
5,95,92.2,4,1,0.14365759727386518
3,97,93.73,4,1,0.18929127733285883
6,94,91.19,5,1,0.13044728598159117
5,95,94.77,4,1,0.14126181364243134
1,99,89.9,4,1,0.06145858173263563
2,98,85.11,6,-1,-0.012375801459319824
3,97,91.52,5,1,0.23238802302728745
2,98,96.75,5,1,0.1330340440305725
1,99,91.96,4,1,0.1130974885021181
6,94,94.49,4,1,0.09033726731155023
5,95,95.18,5,1,0.15997351452694114
3,97,95.12,4,1,0.16434725324190586
7,93,94.47,5,1,0.06989081615635717
6,94,91.05,5,1,0.12944430966520404
1,99,88.13,5,1,0.06793780642926828
2,98,89.69,5,1,0.18111562510241408
3,97,90.81,5,1,0.223872528694884
0,100,93.35,4,1,0.004365574815638484
4,96,93.47,5,1,0.22070702712414048
2,98,94.62,5,1,0.20189293892784527
3,97,94.49,4,1,0.17881290179708914
2,98,89.87,5,1,0.18785864691911103
5,95,89.45,5,1,0.15729057055787093
5,95,93.46,4,1,0.15329447415681136
3,97,91.36,5,1,0.228587641546732
6,94,91.06,5,1,0.12927423176216968
5,95,92.62,7,1,0.00796660989619602
2,98,94.48,5,1,0.20213888129868646
3,97,93.18,4,1,0.19053770400941017
3,97,90.84,6,1,0.0985200157774343
0,100,89.96,5,1,0.01998818543209324
2,98,92.39,5,1,0.21528262023287187
6,94,93.97,5,1,0.13701027750333528
5,95,92.25,5,1,0.1991874326125161
3,97,90.75,5,1,0.22057064141062466
7,93,92.72,5,1,0.08735871804727802
4,96,94.69,5,1,0.20350131475844313
3,97,95.34,5,1,0.18598802634874761
4,96,87.59,5,1,0.09413712114587724
5,95,93.18,5,1,0.19908007240496856
3,97,95.99,5,1,0.1633841281450774
1,99,94.42,5,1,0.15686026395308444
2,98,94.21,4,1,0.1713428774199166
3,97,93.14,5,1,0.2312830453666198
0,100,94.2,5,1,0.03509687898061553
2,98,95.92,5,1,0.16145292156017998
2,98,92.4,5,1,0.2153456796016276
1,99,97.52,4,1,0.02387102342243652
5,95,92.17,5,1,0.20079276019052877
4,96,92.28,4,1,0.16980954317567803
3,97,91.67,5,1,0.23412707625069934
0,100,90.4,5,1,0.026872475624485248
4,96,92.19,6,1,0.10550203717460516
7,93,90.02,5,1,0.057691193957297604
3,97,94.67,4,1,0.1729031034282712
5,95,88.63,4,1,0.057080596280724705
5,95,92.59,4,1,0.14432573780917785
7,93,94.08,4,1,0.040251786887336105
5,95,91.46,6,1,0.08392532023325772
4,96,93.18,4,1,0.17199956208490103
3,97,93.11,5,1,0.23318297715040187
3,97,86.82,5,1,0.06588290227589677
5,95,94.24,6,1,0.07271728542282896
4,96,92.51,5,1,0.22327780183723483
4,96,91.37,5,1,0.22032264948484365
4,96,92.31,4,1,0.1702326513771732
5,95,95.16,4,1,0.12904326849279069
5,95,95.07,5,1,0.16226289060325422
0,100,88.75,5,1,0.002138101583243568
6,94,93.7,4,1,0.10262916017312129
1,99,92.07,5,1,0.17538844801989245
3,97,93.4,5,1,0.2337081299002025
2,98,91.82,5,1,0.21462723870173228
6,94,93.66,4,1,0.10250257123271822
2,98,94.03,5,1,0.20883279592010096
5,95,92.88,4,1,0.15042512599013963
6,94,93.86,4,1,0.10077867487524339
4,96,92.35,4,1,0.1700763742252655
3,97,94.3,4,1,0.17954532810798485
2,98,94.0,5,1,0.208878146698946
3,97,91.61,5,1,0.23269571876408346
5,95,90.36,5,1,0.1826134229313947
2,98,89.47,6,1,0.060740183295509675
4,96,93.21,5,1,0.2230184212994909
3,97,91.8,6,1,0.11312872459378454
7,93,91.53,5,1,0.07520404388962754
6,94,92.33,4,1,0.10019034023992035
3,97,92.98,4,1,0.19063506950476555
7,93,90.76,4,1,0.018604043988596164
4,96,90.31,6,1,0.09213490587581818
3,97,91.28,4,1,0.16418868421942
4,96,98.97,4,1,0.024536020315808704
6,94,92.18,5,1,0.14359840849305688
2,98,95.05,4,1,0.15079360964021543
1,99,89.49,4,1,0.05173824196108323
2,98,90.84,5,1,0.2097922047193162
5,95,93.28,4,1,0.15366133443493046
1,99,90.29,5,1,0.14723979430896927
3,97,91.88,5,1,0.2347494103211598
3,97,93.87,4,1,0.1899189247602998
1,99,95.63,4,1,0.0755093342225287
3,97,95.33,4,1,0.15879026122878392
2,98,94.06,4,1,0.17224574042536778
3,97,92.28,6,1,0.1138101118959095
3,97,91.82,4,1,0.17918279345561616
7,93,91.77,5,1,0.08076288398169373
6,94,92.06,4,1,0.09753740734834992
1,99,95.62,5,1,0.11357120629793094
5,95,93.86,5,1,0.1931579129105141
2,98,95.24,5,1,0.1831760877540754
3,97,91.35,5,1,0.2287561655943835
3,97,92.86,5,1,0.23175034203359923
1,99,94.6,5,1,0.15285526111170905
5,95,90.55,5,1,0.1869314034054022
3,97,92.84,5,1,0.2335094080593897
5,95,95.53,6,1,0.03842874457242873
5,95,91.61,4,1,0.13379484574849965
2,98,92.91,5,1,0.21059260939117885
3,97,95.45,5,1,0.18092577355959644
3,97,93.8,5,1,0.23099827766318143
8,92,92.53,5,1,0.00047189772401912133
2,98,92.08,5,1,0.21417075670698843
3,97,93.41,5,1,0.23344638445809507
4,96,91.37,5,1,0.22032264948484365
3,97,91.24,5,1,0.22678804178438244
3,97,90.72,4,1,0.1551287743101732
7,93,88.47,4,-1,-0.019233089545421467
5,95,90.23,5,1,0.18131102050596348
4,96,90.32,4,1,0.13419566084280354
1,99,93.36,5,1,0.17471878337682234
5,95,97.29,4,1,0.04616366169937314
5,95,92.69,4,1,0.14659143950152165
0,100,94.15,5,1,0.03529881104936372
2,98,90.77,5,1,0.20664829623473668
2,98,95.56,6,1,0.04337930711529536
4,96,94.59,5,1,0.2081203973077459
3,97,93.18,5,1,0.23185577302330956
4,96,94.51,5,1,0.20888115188209216
2,98,94.59,4,1,0.16454953557182644
4,96,90.73,5,1,0.2102919848799833
2,98,96.61,5,1,0.13755441469973828
6,94,94.68,5,1,0.1182086520910921
2,98,88.77,6,1,0.045888694560878296
5,95,92.14,5,1,0.20079276019052877
2,98,91.89,5,1,0.21567572329517598
3,97,92.94,4,1,0.18786659595520938
2,98,90.07,6,1,0.0757232212787512
4,96,96.53,4,1,0.09680337097041003
4,96,98.91,5,1,0.06919280892674318
4,96,91.08,6,1,0.09993831204365289
4,96,93.12,4,1,0.17416055308345108
5,95,98.43,4,1,0.015454165073188197
1,99,97.12,5,1,0.06551587581427709
5,95,94.56,5,1,0.1829160871168926
3,97,93.2,5,1,0.23239616599356522
5,95,87.23,5,1,0.06628795498646822
2,98,90.74,4,1,0.1382983153002068
2,98,88.67,5,1,0.13906510172850178
7,93,93.16,5,1,0.08664111972645538
3,97,95.04,4,1,0.16681538069712853
5,95,90.81,5,1,0.19081136472946386
7,93,90.76,5,1,0.07229142249440756
0,100,92.24,6,-1,-0.03076512069096049
4,96,95.64,5,1,0.17121896599539965
4,96,91.07,5,1,0.21707715428745356
3,97,87.28,5,1,0.08359034880006577
2,98,93.69,5,1,0.21164030861484018
1,99,93.22,4,1,0.12219611273077269
4,96,93.14,6,1,0.09800844590623381
3,97,92.42,5,1,0.23524982582577997
1,99,91.69,4,1,0.10342158842154636
2,98,96.83,5,1,0.12856209931607754
7,93,93.99,5,1,0.07664734041259746
0,100,91.53,5,1,0.0424975904367878
6,94,95.86,5,1,0.08563331086161008
8,92,91.05,5,-1,-0.01346536485455041
4,96,94.96,5,1,0.19184531297577923
2,98,94.99,5,1,0.19072362389516895
4,96,89.1,5,1,0.1597483431823265
3,97,93.47,5,1,0.23234968219188185
2,98,93.5,4,1,0.1733228929222237
4,96,91.25,6,1,0.10159268690872592
1,99,92.08,5,1,0.17595907510861514
4,96,95.28,5,1,0.18076834380804024
4,96,94.88,5,1,0.19354816909688416
2,98,91.29,4,1,0.1507293739441275
2,98,90.75,5,1,0.20664829623473668
2,98,93.69,4,1,0.17513332983072127
2,98,96.89,5,1,0.12768440167942863
1,99,91.92,4,1,0.11206582860092273
4,96,94.07,5,1,0.21563782680408672
4,96,94.57,5,1,0.2081203973077459
5,95,94.8,4,1,0.1413059767763768
2,98,94.15,6,1,0.07496887302421285
1,99,89.55,5,1,0.12174935344046467
3,97,93.11,5,1,0.23318297715040187
4,96,90.57,5,1,0.2068699851726022
4,96,92.89,5,1,0.22080835834571644
1,99,88.9,4,1,0.0354468550596283
3,97,91.69,5,1,0.23433885467276927
3,97,96.29,4,1,0.13482101647551953
2,98,93.26,5,1,0.21503579460123456
3,97,91.18,4,1,0.15942390625418412
3,97,92.54,5,1,0.23395028213725544
5,95,90.4,5,1,0.184040215377975
3,97,88.71,5,1,0.1488611950123665
3,97,95.74,5,1,0.17347078560141038
6,94,92.13,5,1,0.1437938078435087
3,97,88.4,4,1,0.08444639071626392
3,97,91.37,4,1,0.16647988648587253
8,92,94.53,4,-1,-0.02788259978987162
3,97,92.63,5,1,0.2333003904905691
4,96,94.51,5,1,0.20888115188209216
2,98,93.59,5,1,0.21110492756370353
3,97,92.73,5,1,0.2340542299400435
9,91,91.04,6,-1,-0.08440742546430002
3,97,92.65,4,1,0.18526164778535398
3,97,94.71,4,1,0.17182703615136824
2,98,93.82,4,1,0.17450198919446053
4,96,94.2,5,1,0.21252199986531228
5,95,89.05,5,1,0.14383268756029077
1,99,89.13,4,1,0.037223749394144856
0,100,93.67,5,1,0.040410489324329446
2,98,97.64,4,1,0.058256993127430046
1,99,90.69,5,1,0.15542177817452274
3,97,92.31,5,1,0.23466897945942689
3,97,93.18,6,1,0.1084269378482211
5,95,94.25,5,1,0.187439843755197
1,99,90.49,4,1,0.0795296202068192
4,96,90.12,5,1,0.1971671043367469
6,94,95.42,5,1,0.10144083272720095
3,97,91.39,5,1,0.22897673232017124
4,96,96.52,5,1,0.13733402613801443
6,94,91.49,5,1,0.13425605827953258
5,95,94.76,4,1,0.14172531095566787
3,97,92.37,4,1,0.18541659046946868
4,96,91.32,4,1,0.15027184749354638
4,96,92.38,5,1,0.2247585677613425
2,98,91.55,5,1,0.21188771432677417
3,97,89.0,4,1,0.09432343151360356
2,98,90.56,4,1,0.13463183897396835
6,94,93.43,5,1,0.14151514994726477
3,97,91.91,5,1,0.2344022341877131
1,99,92.7,5,1,0.17503565175042402
3,97,89.03,5,1,0.1614530851060067
1,99,93.77,5,1,0.16989334983215987
6,94,94.35,5,1,0.1274597077676587
3,97,92.08,6,1,0.11363233435698317
4,96,91.19,5,1,0.21843854288890985
1,99,92.55,4,1,0.12058039768349693
5,95,91.94,5,1,0.19893074180746761
2,98,92.26,5,1,0.21166439135215298
6,94,95.16,5,1,0.10788611932765879
4,96,89.86,5,1,0.19275101060459032
2,98,89.67,5,1,0.18111562510241408
1,99,94.12,5,1,0.16412630286601637
5,95,94.77,5,1,0.17145181067044568
4,96,91.64,5,1,0.22332261036353634
5,95,93.93,5,1,0.19270371834533245
1,99,90.77,4,1,0.0863201042394025
1,99,94.78,5,1,0.14556542286301694
5,95,91.86,5,1,0.19893407234683658
2,98,93.2,4,1,0.17854887859442098
2,98,89.52,5,1,0.1718815984667768
3,97,92.65,6,1,0.11321514619944062
4,96,89.81,5,1,0.19131064913460288
2,98,94.06,5,1,0.20892898972539015
3,97,90.06,5,1,0.20325094707780395
4,96,92.01,5,1,0.22787408810939436
3,97,91.0,4,1,0.15859096482475477
4,96,95.4,5,1,0.17706707210814687
2,98,92.7,5,1,0.2124262169832195
1,99,93.22,5,1,0.17389435534269554
2,98,94.05,5,1,0.20892898972539015
4,96,91.99,6,1,0.10669824335236389
8,92,93.35,5,-1,-0.003127144408099136
2,98,92.09,4,1,0.17197968354885523
3,97,92.92,4,1,0.18801685581469668
1,99,95.52,4,1,0.07848258011871434
2,98,92.82,6,1,0.08325689900680089
2,98,91.3,5,1,0.2101864081658525
1,99,93.69,5,1,0.17022232219354588
5,95,90.09,5,1,0.17710059135469108
3,97,93.27,5,1,0.23222614659536606
2,98,94.36,4,1,0.16906372335570813
3,97,90.58,5,1,0.2160076810816225
2,98,94.02,4,1,0.17210397268286942
4,96,92.51,5,1,0.22327780183723483
7,93,93.93,5,1,0.07664734041259746
6,94,94.39,4,1,0.09133350918797833
3,97,92.79,4,1,0.18725522356937813
3,97,91.72,4,1,0.17609404044767513
2,98,93.81,5,1,0.20993315235527948
1,99,93.01,4,1,0.1204239573151562
0,100,94.33,5,1,0.03379552040004152
2,98,92.99,5,1,0.21336020778056347
4,96,91.96,4,1,0.1650195444294124
3,97,92.24,5,1,0.23545939014129197
3,97,94.14,5,1,0.22246739300682117
3,97,93.57,5,1,0.23165273962034583
6,94,89.96,5,1,0.10631729135497958
1,99,94.83,5,1,0.14388967953334297
2,98,92.33,5,1,0.21303758602878237
5,95,94.24,4,1,0.14973937099637263
4,96,94.84,5,1,0.1948958877150867
2,98,94.19,4,1,0.1710310216575846
3,97,92.83,4,1,0.18791441383481022
2,98,92.65,4,1,0.17548600196815506
3,97,90.01,4,1,0.13133385745903703
2,98,90.94,6,1,0.08089399403872688
2,98,92.48,5,1,0.2133882911663702
3,97,93.49,5,1,0.23212512445554823
2,98,92.6,4,1,0.17620553353702195
2,98,93.54,4,1,0.17294617862399936
7,93,91.94,5,1,0.08426500301746775
5,95,89.5,5,1,0.16114378973405996
1,99,92.77,4,1,0.12284493017780074
7,93,93.56,5,1,0.07953324286370966
7,93,93.8,5,1,0.07915449988652656
3,97,96.48,5,1,0.14434183281925717
4,96,91.35,5,1,0.2197439527205895
2,98,89.81,4,1,0.10454078281498314
2,98,89.18,5,1,0.15815960531013934
2,98,89.46,4,1,0.09190119160915189
2,98,92.28,5,1,0.21229956157841617
4,96,94.62,5,1,0.20770460861317364
1,99,92.19,5,1,0.17747561442513982
7,93,89.43,5,1,0.045200138310233395
2,98,92.0,6,1,0.08687451143459834
3,97,91.52,5,1,0.23238802302728745
2,98,93.74,5,1,0.21148558845536575
0,100,93.81,4,1,0.005705249610001295
3,97,94.76,4,1,0.17159264626880483
6,94,94.84,5,1,0.11285808958771504
0,100,92.86,4,1,0.0024259612657842045
7,93,90.99,5,1,0.07239646561480928
5,95,89.09,5,1,0.14403208589306293
2,98,91.1,5,1,0.20814053385291548
2,98,95.32,4,1,0.1441244368653531
6,94,93.51,4,1,0.10409485994093137
3,97,95.96,4,1,0.1409274698425944
7,93,92.04,5,1,0.08716819025570433
5,95,93.1,4,1,0.15420353060946201
4,96,91.04,5,1,0.21663801392306542
3,97,92.72,5,1,0.2340542299400435
5,95,92.79,4,1,0.14943505139685576
3,97,92.78,4,1,0.18894244811162214
2,98,92.86,5,1,0.21065048321497132
7,93,98.38,4,-1,-0.040569572973464973
8,92,94.61,4,-1,-0.028105909313309807
3,97,92.83,6,1,0.11334231575538634
4,96,92.29,6,1,0.10491002587612164
1,99,92.69,5,1,0.1751902514964221
5,95,92.64,5,1,0.1980091981406445
1,99,94.25,5,1,0.15950419160716417
1,99,92.97,4,1,0.12035704869213681
2,98,94.77,4,1,0.1562914499742975
5,95,93.25,4,1,0.15318500905261717
4,96,93.54,5,1,0.2214542845247543
4,96,94.98,6,1,0.06502049607222438
3,97,94.53,4,1,0.17799464175498536
4,96,94.66,4,1,0.15026199883354607
0,100,96.82,5,-1,-0.01669965337801771
3,97,96.32,4,1,0.13203514631938262
2,98,89.07,5,1,0.1553808018027883
2,98,91.33,5,1,0.2102386076232105
3,97,92.79,4,1,0.18725522356937813
2,98,92.22,4,1,0.17312477342178395
4,96,92.03,5,1,0.22787408810939436
4,96,95.98,5,1,0.1574517298155953
2,98,95.71,4,1,0.13681574682219305
3,97,90.99,5,1,0.22595891585352645
1,99,93.84,4,1,0.11823857251387326
2,98,95.59,4,1,0.13954602961571627
2,98,91.73,5,1,0.21290116028689887
2,98,88.4,5,1,0.13096885628844257
1,99,97.0,5,1,0.06738028423371434
1,99,93.14,5,1,0.17179631863192713
4,96,89.25,6,1,0.06713750986286482
3,97,87.51,5,1,0.09545463735427628
2,98,89.79,5,1,0.18460373647304446
1,99,91.25,6,1,0.042281100771233926
4,96,89.72,5,1,0.18933368757546926
2,98,91.75,5,1,0.2140094927697691
2,98,93.64,5,1,0.21116714386867624
1,99,93.04,4,1,0.12129707010308766
3,97,92.24,5,1,0.23545939014129197
4,96,90.92,5,1,0.2167353409062136
2,98,94.19,5,1,0.20756903244626845
1,99,92.79,5,1,0.17522593621669874
2,98,92.37,4,1,0.17472143180878946
3,97,93.7,5,1,0.2306031236645516
2,98,90.75,6,1,0.08204714479192932
4,96,90.55,5,1,0.20689981887723163
7,93,94.09,4,1,0.040051530659870105
3,97,95.12,5,1,0.1936924713380866
1,99,94.76,5,1,0.1465637305984469
5,95,90.6,5,1,0.18722526226347663
1,99,96.84,5,1,0.07098154760236297
2,98,95.74,4,1,0.1359942419733534
2,98,89.95,4,1,0.11266376334895711
3,97,91.57,4,1,0.17160196751148865
1,99,95.69,5,1,0.11265692619184775
0,100,91.96,5,1,0.04222650374585635
5,95,91.74,5,1,0.19556667357948299
1,99,91.84,5,1,0.17932626671170204
3,97,92.4,4,1,0.18606547958140668
5,95,91.24,5,1,0.19235059806391686
4,96,92.31,5,1,0.22647803932523863
1,99,92.86,4,1,0.11893210585357139
6,94,93.66,5,1,0.13865476293141493
3,97,92.76,6,1,0.11355416541591346
1,99,92.67,5,1,0.17614132099175045
5,95,92.71,4,1,0.1469218608620355
3,97,93.29,5,1,0.23333278831258675
3,97,91.46,5,1,0.23020050527468422
5,95,92.01,6,1,0.08404505898235703
1,99,95.11,4,1,0.0861320974474562
2,98,90.51,6,1,0.08110382153217477
3,97,91.36,5,1,0.228587641546732
1,99,92.07,5,1,0.17538844801989245
2,98,91.03,5,1,0.209551899041151
6,94,95.25,5,1,0.10702242651128868
4,96,93.43,5,1,0.22199180870513663
6,94,95.19,5,1,0.10702242651128868
5,95,92.71,4,1,0.1469218608620355
2,98,87.42,5,1,0.08589886939222424
3,97,96.55,4,1,0.1263170001572569
2,98,92.19,5,1,0.2138309750392795
4,96,91.32,5,1,0.2196575420122756
4,96,94.32,6,1,0.08436388306676168
6,94,93.59,4,1,0.10380320949052035
3,97,93.81,4,1,0.18923651868496344
4,96,93.64,5,1,0.22037864811487679
3,97,87.71,6,1,0.02062883056238174
4,96,95.3,5,1,0.17948194056508848
0,100,90.67,5,1,0.027563371614023335
4,96,91.09,6,1,0.09993831204365289
1,99,94.21,5,1,0.1616157799066063
3,97,90.08,5,1,0.20368052882330645
2,98,88.52,5,1,0.13698216912945493
6,94,92.56,4,1,0.09824091712847804
2,98,90.36,5,1,0.19986055968164013
5,95,95.23,5,1,0.1588661082036983
3,97,90.16,4,1,0.13597937718628667
2,98,94.07,5,1,0.20839795663903965
2,98,92.02,4,1,0.1698589537552087
4,96,89.67,5,1,0.18481588891819378
2,98,90.66,4,1,0.1370444417889114
4,96,87.93,6,1,0.029181911127316607
1,99,91.88,5,1,0.1790659614632759
1,99,91.22,5,1,0.1693596815122605
2,98,87.9,5,1,0.10570987647383834
5,95,89.33,4,1,0.07377099701994383
5,95,90.28,6,1,0.07235772136689045
3,97,91.67,5,1,0.23412707625069934
1,99,92.95,5,1,0.17142059964889889
2,98,90.08,5,1,0.1934497032665794
1,99,93.23,5,1,0.17389435534269554
4,96,92.55,5,1,0.22370377777692035
5,95,93.03,5,1,0.20060315526916195
5,95,90.55,5,1,0.1869314034054022
2,98,96.37,4,1,0.10937515250681884
5,95,89.93,4,1,0.09650640185432302
2,98,92.02,5,1,0.21521620999925561
5,95,89.07,4,1,0.06925962187145984
2,98,89.94,5,1,0.18994561188991416
4,96,89.24,5,1,0.1639481691047201
3,97,97.41,5,1,0.1070411164109688
8,92,91.27,5,-1,-0.01410047019838101
2,98,90.42,5,1,0.2002143218040306
3,97,91.91,5,1,0.2344022341877131
3,97,90.41,5,1,0.21263136942299782
0,100,89.31,5,1,0.007331217982910698
2,98,95.19,6,1,0.05208635275933149
3,97,93.96,5,1,0.22836525070341696
2,98,94.35,4,1,0.17015678165875847
7,93,93.06,4,1,0.042654256467848595
1,99,90.92,4,1,0.08901783306779998
8,92,96.76,4,-1,-0.056559530364373556
4,96,94.08,5,1,0.21525535658839606
1,99,91.5,4,1,0.0988923039078412
2,98,94.9,5,1,0.19216769202076206
2,98,96.01,4,1,0.122075360166233
4,96,94.53,5,1,0.20872629039520996
4,96,90.23,5,1,0.20046877978894034
5,95,93.44,4,1,0.15322904915342733
5,95,92.75,4,1,0.1486421914680699
1,99,94.06,5,1,0.16670479966676371
4,96,95.41,5,1,0.1768811697565409
0,100,90.83,4,-1,-0.013122919822200485
3,97,92.79,5,1,0.23317313236469212
1,99,96.62,5,1,0.08024500490254927
2,98,94.05,4,1,0.17159073159884064
1,99,89.71,6,1,0.02155591869010487
0,100,92.18,5,1,0.042833520032650174
2,98,90.02,5,1,0.19139069250314245
6,94,90.45,5,1,0.12402547018630472
3,97,95.07,5,1,0.19712987304915158
2,98,90.5,6,1,0.08110382153217477
4,96,93.44,5,1,0.22199180870513663
3,97,93.41,5,1,0.23344638445809507
3,97,92.82,4,1,0.18791441383481022
2,98,89.54,5,1,0.17331088174734627
1,99,92.38,5,1,0.17894301077840036
3,97,89.93,4,1,0.12820235586846485
3,97,95.89,4,1,0.14207816479600338
5,95,91.92,5,1,0.19916154318175644
4,96,91.8,6,1,0.10753136395045992
1,99,91.97,5,1,0.17603724167281942
3,97,93.48,5,1,0.23212512445554823
6,94,91.78,6,1,0.04403515221441756
3,97,90.7,5,1,0.21951013759801846
2,98,96.49,5,1,0.14348004447837392
1,99,91.45,5,1,0.17379711757314342
2,98,93.48,4,1,0.17427427415972596
2,98,93.48,6,1,0.08202556053517551
4,96,95.18,5,1,0.18641906731690788
3,97,91.4,6,1,0.10407431682558033
3,97,95.71,4,1,0.15036301758501475
3,97,91.75,5,1,0.23528635740858145
1,99,96.67,6,-1,-0.014997020536322125
0,100,93.81,5,1,0.03889899241422312
5,95,94.49,4,1,0.14929101251692412
3,97,93.65,5,1,0.23026959073899972
2,98,93.92,5,1,0.2109347465160875
2,98,90.13,5,1,0.1951421643497827
3,97,91.78,5,1,0.2352390461365047
3,97,87.85,4,1,0.0622845373385581
5,95,94.29,5,1,0.185004363252316
5,95,93.55,5,1,0.19672430584797174
5,95,91.33,6,1,0.08145462451861818
2,98,94.57,5,1,0.20252330423213732
6,94,91.41,5,1,0.13323050775360723
1,99,92.0,6,1,0.04519271951174764
2,98,94.3,5,1,0.20344266739684075
3,97,91.76,4,1,0.17802500738584554
1,99,92.02,5,1,0.17588635675003905
3,97,91.5,5,1,0.23149114879041788
3,97,92.28,5,1,0.2356269829085244
2,98,90.52,5,1,0.20216427043737906
2,98,93.29,5,1,0.21593361089999713
5,95,92.6,5,1,0.19647809797486354
8,92,90.45,4,-1,-0.047867241404272565
6,94,92.66,5,1,0.14172510507809644
6,94,91.06,4,1,0.07821472780614858
3,97,92.08,5,1,0.23558793963999458
3,97,94.38,4,1,0.18049002392863417
2,98,92.48,4,1,0.17502109757558504
6,94,96.55,5,1,0.06629818631999562
2,98,90.23,5,1,0.19668771614572023
3,97,97.6,4,1,0.0796477087988895
6,94,95.0,4,1,0.0774373627842303
1,99,88.91,5,1,0.09568497933437337
7,93,91.85,5,1,0.0821253959795154
4,96,89.22,5,1,0.16256773596521357
5,95,95.7,4,1,0.11002131358500489
1,99,88.87,5,1,0.09392045408309269
2,98,91.99,5,1,0.21459802287462387
1,99,92.66,4,1,0.12088643033220159
3,97,92.9,5,1,0.23179704530266082
2,98,95.72,5,1,0.17294790114696695
1,99,93.33,5,1,0.17471878337682234
4,96,96.25,4,1,0.10654937060910397
4,96,91.73,5,1,0.22364085083162338
4,96,91.02,5,1,0.21663801392306542
1,99,90.73,4,1,0.08598464876237111
4,96,94.53,5,1,0.20872629039520996
3,97,94.19,4,1,0.18236559301261945
3,97,95.43,4,1,0.1543079952313266
5,95,90.69,5,1,0.18889454089545316
4,96,90.25,4,1,0.1296738809736706
4,96,96.28,5,1,0.1459570204045607
2,98,93.44,5,1,0.21536153797896196
4,96,93.85,4,1,0.16401641676320294
3,97,92.19,5,1,0.23572232799232135
5,95,91.82,6,1,0.08522076416528213
1,99,93.73,5,1,0.17051156063251027
4,96,99.12,4,1,0.0236030755918889
2,98,92.25,4,1,0.17332031102963785
2,98,89.17,5,1,0.15815960531013934
1,99,96.0,5,1,0.10431316460667905
5,95,90.91,5,1,0.1924068793117138
3,97,95.45,5,1,0.18092577355959644
1,99,88.07,5,1,0.06627895944646478
1,99,91.31,5,1,0.1707142392612218
3,97,94.16,5,1,0.2209879271042502
3,97,94.78,5,1,0.20403124869209138
4,96,93.54,4,1,0.16795479869596713
4,96,94.4,4,1,0.15560232026450443
4,96,90.91,5,1,0.2167353409062136
1,99,95.08,4,1,0.08692504460155692
4,96,94.43,5,1,0.20881511154505844
1,99,94.77,5,1,0.14556542286301694
4,96,91.22,5,1,0.21901875147814664
4,96,91.58,4,1,0.15619389077137963
4,96,90.49,4,1,0.1388051349932511
4,96,93.01,4,1,0.1720722440077173
5,95,94.69,4,1,0.1435324407032274
3,97,95.34,4,1,0.1587945498327481
4,96,95.23,5,1,0.1848891727171571
3,97,91.28,5,1,0.2272129964859566
6,94,89.67,6,1,0.011905694312760451
4,96,92.18,5,1,0.22723789042516196
7,93,94.36,4,1,0.039543976908108736
4,96,92.05,4,1,0.1681366104560651
3,97,90.12,5,1,0.20568205870816642
4,96,91.72,5,1,0.22364085083162338
3,97,93.01,5,1,0.2347221079635941
3,97,90.9,5,1,0.22509069186852004
2,98,94.89,4,1,0.1541725214185266
8,92,91.19,5,-1,-0.014036342247283451
2,98,97.05,5,1,0.12049175943753299
3,97,92.38,4,1,0.1858832534032065
2,98,91.12,5,1,0.20779237533023492
2,98,92.57,4,1,0.17587239125147353
2,98,90.98,5,1,0.2096506599190157
4,96,92.48,5,1,0.22326908694807396
2,98,91.83,4,1,0.1653519078785743
3,97,95.81,5,1,0.16889926026838542
2,98,93.11,5,1,0.2139913343760303
4,96,92.45,4,1,0.1702956666678418
2,98,93.5,5,1,0.2134614266409306
4,96,88.76,5,1,0.1499766634762284
1,99,94.66,5,1,0.15148696661184485
4,96,93.76,5,1,0.221173747778653
4,96,91.01,4,1,0.1474371589536776
2,98,94.08,5,1,0.2085463534919479
2,98,88.98,5,1,0.15180290939974828
2,98,93.44,4,1,0.1752331886670661
0,100,92.37,5,1,0.041618018936733336
8,92,90.62,5,-1,-0.016709743912908026
3,97,91.4,4,1,0.16642837135462935
4,96,93.16,5,1,0.22210990878971898
3,97,94.17,4,1,0.18361588898767883
2,98,95.41,6,1,0.04601971980051933
6,94,93.22,5,1,0.1431011389508453
2,98,90.98,5,1,0.2096506599190157
2,98,94.14,6,1,0.07496887302421285
1,99,91.43,5,1,0.17335476957930185
3,97,92.3,5,1,0.23466897945942689
8,92,89.89,6,-1,-0.06910167272230949
2,98,90.26,5,1,0.19612910613354723
2,98,89.95,5,1,0.1900951685514865
3,97,92.98,5,1,0.234677828267652
4,96,94.87,5,1,0.19395373451609088
3,97,96.34,5,1,0.15268570228514766
3,97,95.64,4,1,0.15198393436252916
3,97,90.58,5,1,0.2160076810816225
3,97,93.55,5,1,0.23178818943224638
3,97,94.96,4,1,0.16778448085873388
3,97,91.81,4,1,0.17884444397678068
1,99,93.55,4,1,0.11686513096809692
5,95,92.01,5,1,0.20047894958305823
1,99,90.99,5,1,0.16719543700392064
7,93,94.48,4,1,0.03823262794316995
3,97,94.04,5,1,0.22654059761344675
5,95,91.68,5,1,0.19475406495631076
8,92,93.51,4,-1,-0.024892347088182776
1,99,91.87,5,1,0.1790659614632759
3,97,90.54,5,1,0.2158083224358765
3,97,93.97,4,1,0.18821231840395714
2,98,92.17,5,1,0.2141397034384272
2,98,93.37,5,1,0.21554168625262515
2,98,89.25,5,1,0.16022018706695562
1,99,93.9,4,1,0.11785469620187816
1,99,92.93,6,1,0.04268274627879576
4,96,91.47,6,1,0.10432087814314861
4,96,91.95,5,1,0.22615487105016202
3,97,93.33,5,1,0.2336670908012486
3,97,96.63,6,1,0.03132444878619123
2,98,91.49,4,1,0.15529545169421755
5,95,91.08,5,1,0.19133240312780259
2,98,92.44,5,1,0.21430906228779878
1,99,91.56,5,1,0.17516103322575272
3,97,95.28,4,1,0.15949861895184153
2,98,92.86,5,1,0.21065048321497132
5,95,91.3,5,1,0.19278071477055253
4,96,92.41,5,1,0.22539067593065537
3,97,90.65,5,1,0.2172750290823492
3,97,92.91,4,1,0.1870516736412216
4,96,96.02,5,1,0.1568328493004678
2,98,91.72,5,1,0.2126854016625747
0,100,92.95,5,1,0.038291900993767225
2,98,94.51,4,1,0.165175116732304
4,96,95.65,5,1,0.17121896599539965
3,97,89.09,5,1,0.16346005744914333
3,97,90.54,4,1,0.15079582770916017
2,98,93.83,4,1,0.17481149734192852
5,95,92.48,6,1,0.07835931688036424
0,100,96.46,5,-1,-0.008953256923200592
3,97,91.62,5,1,0.23278008676903555
7,93,91.93,5,1,0.08426500301746775
6,94,90.33,5,1,0.11854705660409293
0,100,93.04,5,1,0.03830298950774158
1,99,94.12,5,1,0.16412630286601637
4,96,93.19,4,1,0.17199956208490103
3,97,93.17,5,1,0.23185577302330956
5,95,89.86,4,1,0.09455524747855593
2,98,94.72,5,1,0.1964919738902735
6,94,90.38,5,1,0.12283934523387019
4,96,87.15,6,1,0.0027881830623568415
3,97,90.98,5,1,0.22595891585352645
6,94,92.65,5,1,0.14275337048579034
3,97,93.65,4,1,0.18832088980098394
4,96,92.74,4,1,0.17125666424185243
3,97,90.88,4,1,0.15769384829163502
8,92,93.03,5,1,0.0
2,98,92.6,4,1,0.17620553353702195
1,99,93.23,5,1,0.17389435534269554
1,99,92.16,6,1,0.047086564772042316
7,93,90.44,5,1,0.06802648083802565
5,95,89.3,7,-1,-0.011768841610316216
3,97,97.71,5,1,0.10123064548485228
5,95,94.42,5,1,0.18514016198304145
6,94,91.23,5,1,0.12945321882342475
5,95,94.91,5,1,0.16350718198826958
6,94,92.36,4,1,0.10001036424506471
9,91,95.73,5,-1,-0.055264498851134936
2,98,92.32,6,1,0.0876924073040416
2,98,94.28,4,1,0.17128526595256177
1,99,90.94,4,1,0.08828243507188549
3,97,88.7,5,1,0.14804310063255371
3,97,93.83,5,1,0.23082618212225264
2,98,87.88,6,1,0.016271103255673935
1,99,91.87,4,1,0.11153948163427763
6,94,91.48,4,1,0.08593557590034195
3,97,97.18,4,1,0.10446853793942112
1,99,95.16,4,1,0.08591435098390854
7,93,92.53,5,1,0.08829520846571748
7,93,92.91,4,1,0.039754272911156074
7,93,91.92,4,1,0.03276701141699889
4,96,92.36,5,1,0.22482787222876705
2,98,91.68,5,1,0.21266592899226583
5,95,87.73,6,1,0.006721599769808129
2,98,89.04,4,1,0.08341158696397877
0,100,92.26,4,-1,-0.0005672886919521059
3,97,90.68,6,1,0.09729361153122429
5,95,93.13,5,1,0.19865084051621223
4,96,92.65,5,1,0.2239703027391049
5,95,92.72,5,1,0.19802945718962345
6,94,89.15,5,1,0.09029913666377598
8,92,92.96,5,1,0.0012392978157114154
1,99,93.69,4,1,0.11881731870433232
4,96,93.29,5,1,0.22269667140057448
2,98,94.3,5,1,0.20344266739684075
4,96,95.32,4,1,0.13117718975786274
1,99,93.92,4,1,0.11750663882273782
3,97,89.35,5,1,0.17405396827102848
1,99,96.63,4,1,0.04885653418449887
8,92,93.04,5,1,0.0
3,97,92.57,4,1,0.18539319582872033
5,95,95.09,4,1,0.13077879996920982
5,95,91.69,5,1,0.1951095343175303
1,99,90.03,5,1,0.13806021102067761
4,96,86.99,5,1,0.06757884613373766
3,97,94.3,5,1,0.2128886016537666
4,96,90.19,5,1,0.19920346718242155
4,96,90.96,5,1,0.21632391083180702
3,97,89.6,6,1,0.07800063801717128
1,99,94.17,4,1,0.10855941314566908
4,96,91.82,5,1,0.22607055135532272
3,97,91.18,5,1,0.22469290936707192
3,97,93.21,4,1,0.18980673623432565
4,96,90.94,5,1,0.2164248860113437
4,96,93.9,6,1,0.09058020278080858
5,95,91.87,5,1,0.19880925166650737
5,95,98.08,4,1,0.02372135437689782
2,98,89.72,5,1,0.1826629594305635
3,97,90.25,5,1,0.20827712901700174
4,96,92.98,4,1,0.17232038443857373
2,98,91.36,5,1,0.20994753876638672
3,97,95.66,4,1,0.1516252666664627
2,98,94.87,5,1,0.19154570805252502
3,97,93.81,4,1,0.18923651868496344
2,98,91.08,4,1,0.14619082253746446
2,98,91.24,5,1,0.20891900667318775
4,96,90.64,5,1,0.20898015584270468
12,88,88.65,5,-1,-0.0934327162588886
5,95,93.65,4,1,0.15217121901643615
4,96,94.75,5,1,0.1991640110661948
4,96,86.94,5,1,0.06719676129250296
4,96,91.34,5,1,0.2197439527205895
3,97,88.6,5,1,0.14606041894694183
3,97,92.98,5,1,0.234677828267652
4,96,89.25,5,1,0.16410651903586476
5,95,93.66,6,1,0.07665602858558618
2,98,90.14,5,1,0.19472653395553613
3,97,95.07,4,1,0.1673776764949077
1,99,93.16,4,1,0.12202358239751421
2,98,95.11,4,1,0.1488652701739389
4,96,89.73,5,1,0.18933368757546926
4,96,91.95,5,1,0.22615487105016202
3,97,90.97,4,1,0.15761432537311115
2,98,93.91,5,1,0.2109347465160875
1,99,95.54,4,1,0.07885703171194358
3,97,93.99,4,1,0.1878625671728339
1,99,90.39,5,1,0.14962765020188745
3,97,92.54,5,1,0.23395028213725544
4,96,91.69,5,1,0.22406223993730967
6,94,88.87,4,1,0.02876902723278707
6,94,90.71,5,1,0.1273147939794197
3,97,92.94,5,1,0.2317268967593445
2,98,92.71,5,1,0.21232729788325871
2,98,94.26,6,1,0.07159308316056823
5,95,93.46,4,1,0.15329447415681136
4,96,92.23,4,1,0.16857509577198992
4,96,90.45,5,1,0.20667562655100447
4,96,93.77,5,1,0.2211102106497576
4,96,93.92,5,1,0.2181878680099445
5,95,93.04,7,1,0.013132038084124109
5,95,94.74,4,1,0.14222274217017822
3,97,96.15,5,1,0.15804335707468609
5,95,90.74,4,1,0.11766257383303691
4,96,95.25,5,1,0.1848891727171571
3,97,91.7,5,1,0.23433885467276927
4,96,93.21,5,1,0.2230184212994909
3,97,93.46,4,1,0.1897586360104842
4,96,92.65,5,1,0.2239703027391049
6,94,90.34,6,1,0.029011685787692643
3,97,94.95,4,1,0.16817637171857913
4,96,91.42,5,1,0.2201304157543178
3,97,92.91,6,1,0.1123612044043969
2,98,91.78,4,1,0.16312530703557576
5,95,94.21,5,1,0.1876310358020159
4,96,91.37,5,1,0.22032264948484365
5,95,88.45,5,1,0.12505867969553242
1,99,94.79,5,1,0.14505973719257664
6,94,95.63,5,1,0.09445165562754798
4,96,92.98,4,1,0.17232038443857373
3,97,92.93,5,1,0.23199770041241496
4,96,97.59,4,1,0.0573515038937874
3,97,91.75,5,1,0.23528635740858145
2,98,91.92,5,1,0.21533365657991832
1,99,91.93,5,1,0.17926447640183196
4,96,93.3,4,1,0.17091505070104884
6,94,93.51,4,1,0.10409485994093137
4,96,95.01,5,1,0.19196549492232556
3,97,91.43,5,1,0.22908428282092025
2,98,93.61,5,1,0.21110492756370353
4,96,94.21,5,1,0.21149597699425066
6,94,93.17,5,1,0.14594071412693216
2,98,90.68,4,1,0.13769360445348972
7,93,90.13,5,1,0.06051358048847466
0,100,92.68,4,1,0.0030072216798571194
2,98,94.94,5,1,0.1909913804738883
5,95,97.82,5,1,0.057497504178448344
3,97,90.38,5,1,0.21336126049443194
4,96,94.78,4,1,0.14779198352631534
3,97,96.25,4,1,0.13492808071095636
5,95,92.15,5,1,0.20079276019052877
2,98,95.43,4,1,0.14113877204724679
5,95,94.78,4,1,0.14080761468320213
3,97,91.73,5,1,0.2339015845233891
1,99,93.26,5,1,0.17440979322341327
3,97,91.44,5,1,0.22981259563935663
1,99,98.14,4,1,0.012754618727777167
3,97,94.09,5,1,0.22326006486560024
4,96,92.12,5,1,0.22763110840536327
4,96,93.44,6,1,0.09389809871679777
2,98,94.67,5,1,0.19741115675435394
5,95,96.74,5,1,0.0893567041200537
3,97,94.99,6,1,0.07491152308516036
2,98,90.83,5,1,0.20948426798798697
1,99,92.62,5,1,0.1755347160090156
4,96,91.47,5,1,0.2202697628302952
3,97,90.77,5,1,0.22179552803876607
3,97,88.95,5,1,0.15825002795325555
1,99,91.47,5,1,0.17524964815031696
4,96,91.5,4,1,0.15370123534780988
2,98,94.73,4,1,0.15932736276925863
5,95,92.13,6,1,0.08279656660616164
1,99,93.66,5,1,0.17048875209336828
2,98,95.02,4,1,0.15170330276505317
2,98,97.01,5,1,0.12257684458222418
0,100,89.3,5,1,0.007331217982910698
2,98,91.96,5,1,0.21530980894051
0,100,94.6,4,-1,-0.005064483462787317
2,98,96.84,5,1,0.12765908694047867
2,98,95.8,5,1,0.16487944277237698
0,100,91.35,5,1,0.04013336401915246
5,95,91.35,5,1,0.19431368523482923
4,96,96.12,5,1,0.1536503340122557
2,98,88.28,5,1,0.12422057933855957
6,94,94.53,4,1,0.08783363173819658
3,97,94.87,5,1,0.19945512293103268
1,99,90.88,6,1,0.03948553129219923
6,94,93.49,5,1,0.138848387584376
3,97,92.31,4,1,0.18537107785661217
3,97,94.68,5,1,0.20850179500941723
1,99,92.93,5,1,0.17369970906241644
0,100,95.27,5,1,0.012494552978312923
5,95,89.79,5,1,0.17113743499781964
1,99,92.98,5,1,0.17317095897145418
3,97,89.58,5,1,0.18862094856241673
4,96,95.1,4,1,0.1389378755790363
6,94,92.97,5,1,0.14524840481815177
2,98,96.29,5,1,0.15243764932347897
6,94,95.11,4,1,0.07372628863268704
7,93,95.23,4,1,0.023714090796273624
2,98,97.71,4,1,0.058256993127430046
3,97,94.24,5,1,0.21647163897758848
7,93,94.14,4,1,0.040021818060836045
3,97,92.39,4,1,0.1858832534032065
2,98,91.06,5,1,0.20989221596555402
3,97,96.25,5,1,0.1554127861004722
1,99,92.57,5,1,0.17607499765664603
2,98,93.03,4,1,0.1781348881677558
5,95,88.78,5,1,0.13618963554246932
4,96,94.86,4,1,0.14411892982151409
3,97,95.34,5,1,0.18598802634874761
4,96,93.63,5,1,0.22037864811487679
5,95,95.12,5,1,0.15960634883546143
3,97,90.82,5,1,0.22505936181603076
3,97,91.06,4,1,0.1596375809717963
5,95,89.29,5,1,0.14873772172536726
4,96,93.2,5,1,0.22303632345045388
1,99,88.72,4,1,0.03254795770335661
3,97,93.94,4,1,0.18847307484374043
5,95,90.12,4,1,0.10097070000535702
2,98,92.61,5,1,0.2135232062527465
3,97,93.32,5,1,0.23379027534889213
5,95,92.05,6,1,0.08350824656609479
3,97,92.01,5,1,0.23520818928034493
3,97,93.63,4,1,0.18832088980098394
3,97,94.09,5,1,0.22326006486560024
1,99,96.35,5,1,0.09381012970357139
4,96,92.92,4,1,0.17079570489342033
5,95,93.68,5,1,0.19682379957707025
1,99,92.6,5,1,0.17614309045737964
3,97,92.49,5,1,0.23330613058384375
2,98,90.58,5,1,0.2036429041887794
4,96,94.81,6,1,0.07113715487563632
2,98,91.77,5,1,0.2136676461722657
3,97,90.05,5,1,0.20368596886155654
2,98,94.88,5,1,0.19271900650711227
4,96,93.87,5,1,0.21893350254547417
4,96,93.11,4,1,0.17387360109861172
2,98,95.14,5,1,0.18683702477857195
2,98,92.99,5,1,0.21336020778056347
2,98,91.11,4,1,0.1470962652665343
3,97,93.86,5,1,0.23076164513685798
4,96,94.91,5,1,0.19176686934053783
4,96,96.54,5,1,0.13733402613801443
3,97,92.08,5,1,0.23558793963999458
5,95,94.91,6,1,0.04808472652977325
8,92,90.9,5,-1,-0.012388411964966428
5,95,90.13,5,1,0.17760769182190567
4,96,91.07,5,1,0.21707715428745356
3,97,91.66,5,1,0.23428960113911962
2,98,92.54,5,1,0.21257809571810787
2,98,93.66,5,1,0.21135286453142155
2,98,91.8,5,1,0.2132860864702118
0,100,96.79,6,-1,-0.0722294040536905
0,100,91.12,5,1,0.0378826586858626
3,97,93.35,5,1,0.2336670908012486
3,97,92.75,5,1,0.23524387644170464
5,95,94.68,5,1,0.17770429658378717
3,97,94.06,4,1,0.1851631211103179
4,96,93.46,5,1,0.22070702712414048
3,97,93.71,4,1,0.18929127733285883
7,93,93.06,5,1,0.08730247675537295
1,99,93.52,4,1,0.11759297878346664
4,96,95.94,5,1,0.15949975935683325
4,96,90.23,5,1,0.20046877978894034
1,99,93.86,5,1,0.16947462280071696
0,100,92.05,4,-1,-0.0038637234214526917
2,98,90.2,5,1,0.19676619113950694
2,98,93.38,5,1,0.21554168625262515
0,100,93.24,4,1,0.0038271300800034602
4,96,92.73,4,1,0.17046066339302468
2,98,96.86,5,1,0.12700136164255016
4,96,91.79,5,1,0.22480418537487334
3,97,88.37,5,1,0.1343629542549153
3,97,89.12,5,1,0.1663799084735545
0,100,96.35,4,-1,-0.02840775772914117
4,96,95.4,4,1,0.13005249932516783
2,98,94.88,4,1,0.1541725214185266
3,97,93.77,5,1,0.23126256831231062
4,96,93.68,5,1,0.2216509857537804
2,98,92.07,4,1,0.1702350778250044
5,95,92.55,4,1,0.1436755262825724
1,99,98.49,5,1,0.03668937353205182
2,98,93.48,5,1,0.2134614266409306
1,99,93.87,5,1,0.1697054702329967
3,97,92.22,5,1,0.2359746890202885
3,97,94.02,5,1,0.2274932851773046
6,94,89.54,5,1,0.0997122149489773
3,97,93.18,5,1,0.23185577302330956
3,97,93.64,4,1,0.18832088980098394
1,99,91.31,5,1,0.1707142392612218
3,97,93.75,4,1,0.1886941614298917
1,99,91.79,4,1,0.1070009908695786
2,98,92.26,4,1,0.17337453764484528
2,98,92.96,4,1,0.1752159480566724
1,99,92.92,4,1,0.12021276614716758
3,97,92.81,5,1,0.23374509854731246
4,96,97.72,4,1,0.0553890268203977
3,97,94.48,5,1,0.21457868262584923
1,99,92.75,4,1,0.122733923286516
1,99,94.45,5,1,0.15535809188599298
4,96,93.5,5,1,0.22099728126793577
2,98,90.79,5,1,0.2076205032477364
4,96,89.38,5,1,0.17012113005921098
5,95,95.84,5,1,0.13246628597023957
3,97,91.66,5,1,0.23428960113911962
2,98,94.32,5,1,0.20319308797258157
3,97,90.33,5,1,0.21067980722829543
8,92,92.76,5,-1,-0.0004923241735613759
3,97,92.91,5,1,0.23179704530266082
4,96,89.47,6,1,0.07594842737779672
7,93,91.02,5,1,0.07213135191960351
5,95,93.79,5,1,0.1956351282888386
2,98,90.58,4,1,0.1353451472169213
7,93,92.46,6,1,0.0006713873261303682
5,95,92.91,4,1,0.15012330141624525
5,95,87.38,5,1,0.0767946736143823
3,97,96.45,4,1,0.128549629661054
4,96,92.44,5,1,0.2245921235460261
3,97,94.63,5,1,0.21186728487821083
1,99,91.38,4,1,0.09711063224947647
7,93,94.04,4,1,0.040251786887336105
1,99,91.72,5,1,0.1770132099115408
3,97,92.62,5,1,0.2333003904905691
1,99,93.42,4,1,0.1215901217417017
3,97,94.08,5,1,0.2234271829366955
5,95,93.25,5,1,0.1975565536867782
2,98,91.27,4,1,0.15045236086464264
2,98,93.06,5,1,0.2143509104729518
4,96,96.34,6,1,0.03322355249922315
6,94,93.08,5,1,0.14490956979797653
2,98,93.19,4,1,0.17868774266840154
1,99,91.53,5,1,0.17570671294001255
4,96,95.28,5,1,0.18076834380804024
1,99,95.27,5,1,0.12697144864072185
4,96,92.3,5,1,0.22647803932523863
1,99,87.43,4,1,0.002356304466945902
5,95,94.52,4,1,0.1472363075122063
2,98,91.79,5,1,0.2132860864702118
5,95,92.68,5,1,0.19835831685754585
2,98,91.92,5,1,0.21533365657991832
2,98,91.58,5,1,0.21165144258222945
3,97,93.06,4,1,0.19189839336845443
3,97,93.09,6,1,0.1112300922418491
3,97,92.04,5,1,0.23520818928034493
4,96,90.39,5,1,0.2039080568406182
1,99,94.99,4,1,0.09019795732375702
6,94,94.46,5,1,0.12633843053892047
2,98,90.57,4,1,0.1350634743000621
3,97,90.29,5,1,0.20886545256022115
2,98,90.93,5,1,0.2095822629467045
5,95,92.45,5,1,0.19900856928761607
1,99,88.96,5,1,0.09785729151327338
6,94,94.27,6,1,0.029250000023277267
2,98,94.82,5,1,0.19326947909278197
3,97,94.8,4,1,0.1706182484312247
2,98,97.08,5,1,0.11889568049189936
5,95,89.46,4,1,0.08067087780249371
4,96,94.72,4,1,0.14874020458796255
4,96,92.76,4,1,0.17125666424185243
3,97,91.27,5,1,0.22748685314925082
3,97,95.11,5,1,0.1936924713380866
4,96,87.98,5,1,0.11239805943698156
3,97,93.98,4,1,0.1878625671728339
3,97,94.37,5,1,0.21420214968812312
3,97,90.94,4,1,0.15725986371771927
2,98,95.11,5,1,0.18683702477857195
5,95,93.73,5,1,0.1970314162895485
2,98,93.5,5,1,0.2134614266409306
4,96,88.47,5,1,0.134333960944724
2,98,93.08,5,1,0.21448786546089993
3,97,88.16,5,1,0.123707861216527
3,97,92.79,5,1,0.23317313236469212
2,98,94.33,5,1,0.20412249802479554
2,98,93.15,4,1,0.17919847085096818
2,98,94.86,5,1,0.19187457645705558
4,96,98.0,5,1,0.08592484237579867
5,95,93.38,5,1,0.19830144710556025
1,99,90.87,5,1,0.16251088439128986
5,95,94.88,4,1,0.13422147876233587
1,99,91.19,5,1,0.16857164409197828
2,98,93.61,5,1,0.21110492756370353
2,98,91.46,6,1,0.08250656993707295
5,95,91.77,5,1,0.19763133079950912
3,97,91.03,4,1,0.1586996096468673
2,98,89.67,5,1,0.18111562510241408
5,95,93.67,4,1,0.15233355233539791
3,97,97.62,4,1,0.0796477087988895
3,97,98.27,4,1,0.057766717407812695
3,97,91.37,5,1,0.228587641546732
5,95,92.22,5,1,0.19994004368325746
3,97,93.61,5,1,0.23124611514563698
0,100,90.04,5,1,0.02173001328522428
3,97,92.75,4,1,0.1889113544841587
1,99,93.35,5,1,0.17471878337682234
3,97,91.65,5,1,0.23358362002169253
1,99,90.25,5,1,0.14494149422404423
5,95,92.2,5,1,0.20006453861874307
4,96,92.63,5,1,0.2239703027391049
3,97,90.66,6,1,0.09729361153122429
2,98,93.3,5,1,0.21593361089999713
3,97,92.85,5,1,0.23343176907382673
1,99,94.28,5,1,0.1583887458685938
1,99,91.59,5,1,0.17452531520306142
1,99,91.77,4,1,0.1070009908695786
1,99,92.67,5,1,0.17614132099175045
2,98,93.89,4,1,0.17536960860734718
4,96,92.7,5,1,0.22387764468516247
1,99,91.7,5,1,0.1770132099115408
3,97,92.26,5,1,0.23545939014129197
6,94,93.03,5,1,0.14436210929814758
4,96,89.26,5,1,0.16410651903586476
5,95,96.93,5,1,0.08334007010988942
4,96,90.53,4,1,0.14005877997574268
4,96,95.35,4,1,0.13091271897075607
4,96,94.94,4,1,0.14265954454477509
4,96,92.72,4,1,0.17074975258121072
2,98,93.48,4,1,0.17427427415972596
2,98,95.3,5,1,0.1810621362073458
2,98,91.54,5,1,0.21224880284834746
3,97,97.97,4,1,0.06626270258456068
1,99,94.03,5,1,0.16680152325541248
6,94,89.98,5,1,0.10631729135497958
4,96,98.04,4,1,0.04480954069351906
5,95,95.48,5,1,0.14900924807920524
7,93,92.73,4,1,0.03926559207543168
1,99,92.5,5,1,0.1760278546006429
3,97,91.79,4,1,0.17884444397678068
2,98,96.18,4,1,0.11517422031004354
4,96,86.62,5,1,0.06642728702727507
3,97,91.61,5,1,0.23269571876408346
4,96,91.34,6,1,0.1013514123559417
2,98,91.59,4,1,0.15935547645099868
7,93,92.13,6,1,0.0008785974627377735
2,98,92.59,5,1,0.21304735467932345
1,99,90.38,5,1,0.14930291165141857
3,97,91.8,4,1,0.17884444397678068
4,96,96.18,5,1,0.14895585919178078
2,98,92.04,5,1,0.21495498343790603
4,96,92.79,5,1,0.22283520996474615
0,100,93.37,5,1,0.040320721835981566
2,98,94.35,4,1,0.17015678165875847
0,100,98.16,5,-1,-0.036331734417145656
5,95,93.05,5,1,0.20070483707305647
2,98,94.74,4,1,0.15828893648295522
2,98,92.86,4,1,0.17416034276292014
4,96,93.6,5,1,0.22126474205913776
1,99,89.42,5,1,0.1157330419651218
1,99,96.46,4,1,0.05382183336345003
3,97,95.45,5,1,0.18092577355959644
5,95,90.71,4,1,0.1171839504124409
4,96,92.39,7,1,0.03422074728766544
5,95,95.38,4,1,0.1213486056489651
3,97,91.21,4,1,0.16206942701617955
3,97,93.97,5,1,0.22836525070341696
1,99,94.46,5,1,0.15535809188599298
5,95,93.6,5,1,0.19716594802591436
1,99,94.52,5,1,0.1550354173770241
7,93,91.62,5,1,0.0764112677284331
4,96,91.58,5,1,0.22144974546667068
3,97,91.44,7,1,0.042708547424854304
2,98,92.23,4,1,0.17312477342178395
3,97,95.14,5,1,0.19369673037346208
3,97,93.53,4,1,0.1900276639095102
3,97,89.48,5,1,0.17864417810969113
4,96,92.18,5,1,0.22723789042516196
3,97,91.39,5,1,0.22897673232017124
3,97,90.48,5,1,0.21460152298500984
3,97,93.2,5,1,0.23239616599356522
2,98,92.79,5,1,0.21222798598982218
6,94,95.97,5,1,0.08392794928845382
7,93,91.17,6,-1,-0.0033515456276450584
3,97,93.57,5,1,0.23165273962034583
1,99,92.73,5,1,0.1747487670304531
2,98,96.73,6,1,0.01978946695798378
1,99,94.3,5,1,0.157068911403762
4,96,90.55,5,1,0.20689981887723163
5,95,88.7,5,1,0.12980706393489727
4,96,89.63,4,1,0.10576732465075667
2,98,91.69,5,1,0.21266592899226583
4,96,87.3,4,1,0.038663168394541425
4,96,95.38,5,1,0.17754644570829609
3,97,90.14,4,1,0.13597937718628667
10,90,94.26,5,-1,-0.05468426271056015
1,99,90.09,6,1,0.02723070020940821
5,95,90.64,4,1,0.11554374307703708
1,99,91.7,4,1,0.10342158842154636
4,96,93.9,6,1,0.09058020278080858
5,95,95.41,5,1,0.1499454544460448
3,97,91.85,5,1,0.2349490331812472
3,97,92.3,6,1,0.1138101118959095
5,95,89.77,5,1,0.16993880430461378
3,97,92.55,5,1,0.23408775617374028
0,100,95.32,6,-1,-0.05592511666437716
1,99,89.06,5,1,0.1013850788518953
2,98,92.75,4,1,0.1757703354728612
3,97,92.74,4,1,0.18812635811275075
2,98,93.46,5,1,0.2136964624079276
3,97,95.03,5,1,0.19943224810256305
2,98,91.02,4,1,0.14472210909874178
2,98,91.14,4,1,0.14741628664693301
1,99,94.09,4,1,0.11103359570686577
2,98,89.53,6,1,0.06389145688805564
7,93,95.26,5,1,0.05141487538348066
6,94,91.78,5,1,0.13744309767524931
3,97,89.87,4,1,0.12646402116693256
2,98,91.27,4,1,0.15045236086464264
2,98,94.69,5,1,0.1964919738902735
5,95,93.99,4,1,0.15204193968969992
5,95,92.08,5,1,0.20001565160476248
5,95,91.55,5,1,0.19507381157148168
6,94,92.84,5,1,0.14259320330861114
2,98,94.95,5,1,0.19064381888109244
6,94,90.3,5,1,0.11848109878369117
2,98,91.82,4,1,0.16516121946062118
6,94,93.78,5,1,0.13748965020742343
6,94,93.34,4,1,0.10595541776919837
1,99,93.54,5,1,0.16953942718368187
3,97,90.18,5,1,0.20739469071587674
4,96,95.0,5,1,0.19196549492232556
4,96,90.26,5,1,0.20058348863114572
2,98,96.78,5,1,0.13244215645953933
0,100,95.76,5,1,0.005493053708854001
3,97,91.09,4,1,0.15967072835805274
1,99,96.54,4,1,0.051029543496132646
5,95,94.24,6,1,0.07271728542282896
2,98,97.05,4,1,0.08383285087623005
2,98,95.32,5,1,0.18071635827963678
2,98,92.49,6,1,0.08833133579590535
2,98,88.76,4,1,0.07850972020725211
2,98,93.51,5,1,0.21232126567185822
1,99,91.93,5,1,0.17926447640183196
3,97,94.38,5,1,0.2148576431289328
3,97,94.88,5,1,0.1998279665649556
2,98,87.18,5,1,0.06855046408825949
4,96,93.28,5,1,0.22198024625066493
5,95,94.65,4,1,0.1450358165671365
2,98,88.89,5,1,0.1483737310197238
2,98,97.78,5,1,0.09722893680238687
2,98,92.29,5,1,0.21197773046070428
5,95,89.35,5,1,0.15249450104118528
5,95,90.51,5,1,0.18597044568329063
4,96,94.47,5,1,0.20914723652691902
1,99,95.22,5,1,0.12662956161867367
4,96,91.52,4,1,0.15370123534780988
2,98,92.77,6,1,0.08327873914136275
3,97,95.86,4,1,0.14330124913909748
3,97,92.73,5,1,0.2340542299400435
2,98,92.06,4,1,0.16988961587014623
2,98,89.75,5,1,0.1833334788619893
4,96,94.4,5,1,0.2084593672941087
4,96,92.57,5,1,0.22397070068266545
3,97,94.83,5,1,0.20055035819622918
3,97,91.58,5,1,0.23250047744421487
5,95,92.53,4,1,0.14442073572743253
2,98,92.78,5,1,0.21198728854692322
4,96,92.01,5,1,0.22787408810939436
2,98,92.82,5,1,0.21199481374288875
3,97,91.91,5,1,0.2344022341877131
4,96,92.92,5,1,0.22179925606378387
1,99,92.66,6,1,0.04350601768991613
1,99,90.68,6,1,0.03529545095127873
5,95,90.96,4,1,0.12251766321310587
1,99,90.16,5,1,0.13986139294633215
2,98,91.75,5,1,0.2140094927697691
8,92,92.76,5,-1,-0.0004923241735613759
6,94,91.72,4,1,0.09174286657431763
1,99,92.64,6,1,0.043440897373528964
2,98,94.99,5,1,0.19072362389516895
3,97,92.89,4,1,0.1872991666993843
0,100,90.89,5,1,0.032826266846950114
3,97,93.74,5,1,0.2306031236645516
3,97,92.53,4,1,0.18499619220948266
1,99,92.37,5,1,0.1790597767277307
3,97,90.9,5,1,0.22509069186852004
4,96,90.38,6,1,0.0942595785578112
4,96,90.94,6,1,0.1016871694651339
2,98,91.26,5,1,0.20959286495891732
2,98,92.39,6,1,0.08978337690655447
7,93,91.01,4,1,0.01899322517984592
4,96,93.3,5,1,0.22240299002318548
3,97,91.75,5,1,0.23528635740858145
4,96,97.75,5,1,0.09367962519948159
8,92,93.33,5,-1,-0.002912283600760124
4,96,94.5,4,1,0.1545495964152317
5,95,93.39,4,1,0.15318053675201349
4,96,90.32,5,1,0.20201376382547892
5,95,92.43,5,1,0.19900856928761607
3,97,95.03,5,1,0.19943224810256305
6,94,89.78,4,1,0.04561573600507718
4,96,92.16,5,1,0.22763110840536327
2,98,93.19,4,1,0.17868774266840154
3,97,90.24,4,1,0.13997047121799666
1,99,93.8,4,1,0.11870887944181552
0,100,93.7,4,1,0.005886402521243617
5,95,93.59,5,1,0.19701878376530024
4,96,92.48,4,1,0.1689274335580182
6,94,96.88,4,1,0.0264136141375656
5,95,94.38,4,1,0.14834356957207823
5,95,91.32,5,1,0.1938566893347337
2,98,92.29,4,1,0.1736618021464006
3,97,91.87,5,1,0.23495316713167758
3,97,91.11,5,1,0.22530878123442988
3,97,94.55,5,1,0.21355864358638454
5,95,94.14,5,1,0.18939953075770039
1,99,92.54,4,1,0.1202134519737652
2,98,91.49,5,1,0.2113459023729447
4,96,95.57,5,1,0.17220108354864588
3,97,92.28,5,1,0.2356269829085244
5,95,93.81,5,1,0.19439044697407726
3,97,90.41,5,1,0.21263136942299782
4,96,91.27,5,1,0.21901875147814664
2,98,92.66,4,1,0.17553651512141238
3,97,93.41,5,1,0.23344638445809507
5,95,94.33,5,1,0.18545548041954196
5,95,94.34,4,1,0.14831485225262125
4,96,94.39,4,1,0.15573958747337818
2,98,95.92,5,1,0.16145292156017998
4,96,92.86,5,1,0.22080835834571644
4,96,92.76,4,1,0.17125666424185243
4,96,92.47,5,1,0.22326908694807396
5,95,92.67,6,1,0.07837536462346273
1,99,88.55,4,1,0.02979649890172642
7,93,94.56,5,1,0.0684607316812319
4,96,94.2,5,1,0.21252199986531228
4,96,93.82,5,1,0.22022280643219205
2,98,93.17,4,1,0.17884161755965983
2,98,93.6,5,1,0.21110492756370353
3,97,93.21,4,1,0.18980673623432565
5,95,95.58,5,1,0.1439955202900678
3,97,92.29,4,1,0.18485282842303874
3,97,95.06,4,1,0.16668112797598927
2,98,95.15,5,1,0.18620675796203762
8,92,88.85,5,-1,-0.03776467666391892
3,97,94.82,4,1,0.1718033220722051
3,97,93.01,5,1,0.2347221079635941
7,93,92.78,5,1,0.08695177372390173
3,97,92.77,5,1,0.2345251292763756
2,98,92.05,4,1,0.170066422782175
5,95,90.47,5,1,0.18494493611862572
1,99,93.32,5,1,0.17586982350294467
3,97,94.27,5,1,0.21579109156966708
0,100,94.73,4,-1,-0.004732298400874302
5,95,95.64,5,1,0.14247172206648234
